{"cameraMode":{"drawMode":0,"name":"Shaded","section":"Shading Mode"},"sceneLighting":false,"audioPlay":false,"sceneViewState":{"showFog":true,"showMaterialUpdate":false,"showSkybox":false,"showFlares":true,"showImageEffects":true,"showParticleSystems":true},"in2DMode":false,"pivot":{"x":0.22652125358581544,"y":-66.3189697265625,"z":-34.12992477416992},"rotation":{"x":0.002892024116590619,"y":0.868964672088623,"z":-0.4950101971626282,"w":0.00521119637414813},"size":54.65633773803711,"orthographic":false}