{"cameraMode":{"drawMode":0,"name":"Shaded","section":"Shading Mode"},"sceneLighting":false,"audioPlay":false,"sceneViewState":{"showFog":true,"showMaterialUpdate":false,"showSkybox":false,"showFlares":true,"showImageEffects":true,"showParticleSystems":true},"in2DMode":false,"pivot":{"x":-10.022833824157715,"y":-9.51485538482666,"z":-0.2930903434753418},"rotation":{"x":0.3020753562450409,"y":0.636085569858551,"z":-0.2981613576412201,"w":0.6445109844207764},"size":11.910207748413086,"orthographic":false}