{"cameraMode":{"drawMode":0,"name":"Shaded","section":"Shading Mode"},"sceneLighting":false,"audioPlay":false,"sceneViewState":{"showFog":true,"showMaterialUpdate":false,"showSkybox":false,"showFlares":true,"showImageEffects":true,"showParticleSystems":true},"in2DMode":false,"pivot":{"x":-7.420844554901123,"y":0.23110103607177735,"z":0.33580878376960757},"rotation":{"x":0.27579519152641299,"y":0.5135241746902466,"z":-0.17866742610931397,"w":0.7927426695823669},"size":7.130331993103027,"orthographic":false}