{"cameraMode":{"drawMode":0,"name":"Shaded","section":"Shading Mode"},"sceneLighting":false,"audioPlay":false,"sceneViewState":{"showFog":true,"showMaterialUpdate":false,"showSkybox":false,"showFlares":true,"showImageEffects":true,"showParticleSystems":true},"in2DMode":false,"pivot":{"x":-8.692391395568848,"y":0.44773468375205996,"z":0.20527470111846925},"rotation":{"x":0.33026525378227236,"y":0.6229737401008606,"z":-0.32697927951812746,"w":0.6293391585350037},"size":2.4220290184020998,"orthographic":false}